año,ciudad,espectadores_nacional_m,estrenos_total,taquilla_m_cop,precio_boleta_real,indice_asistencia,pantallas,recuperacion_nacional_pct,espectadores_ciudad_m,recuperacion_ciudad_pct,estrenos_col,espectadores_col_m,participacion_col_pct,taquilla_col_m_cop
2010,Barranquilla,33.66,206,0.46272329213004215,1.0,0.41463414634146345,588,46.0,1.47,53.8,10,1.53,0.46478873239436613,13647
2010,Bogotá,33.66,206,0.46272329213004215,1.0,0.41463414634146345,588,46.0,14.91,63.1,10,1.53,0.46478873239436613,13647
2010,Bucaramanga,33.66,206,0.46272329213004215,1.0,0.41463414634146345,588,46.0,0.91,28.8,10,1.53,0.46478873239436613,13647
2010,Cali,33.66,206,0.46272329213004215,1.0,0.41463414634146345,588,46.0,3.34,51.9,10,1.53,0.46478873239436613,13647
2010,Medellín,33.66,206,0.46272329213004215,1.0,0.41463414634146345,588,46.0,3.59,50.1,10,1.53,0.46478873239436613,13647
2010,Nacional,33.66,206,0.46272329213004215,1.0,0.41463414634146345,588,46.0,3.825,69.9,10,1.53,0.46478873239436613,13647
2011,Barranquilla,38.01,206,0.5296624946719882,0.8670973696354407,0.4878048780487805,643,52.0,1.65,60.4,18,2.99,0.9436619718309858,26804
2011,Bogotá,38.01,206,0.5296624946719882,0.8670973696354407,0.4878048780487805,643,52.0,16.16,68.4,18,2.99,0.9436619718309858,26804
2011,Bucaramanga,38.01,206,0.5296624946719882,0.8670973696354407,0.4878048780487805,643,52.0,1.46,46.2,18,2.99,0.9436619718309858,26804
2011,Cali,38.01,206,0.5296624946719882,0.8670973696354407,0.4878048780487805,643,52.0,3.83,59.5,18,2.99,0.9436619718309858,26804
2011,Medellín,38.01,206,0.5296624946719882,0.8670973696354407,0.4878048780487805,643,52.0,3.82,53.4,18,2.99,0.9436619718309858,26804
2011,Nacional,38.01,206,0.5296624946719882,0.8670973696354407,0.4878048780487805,643,52.0,3.825,69.9,18,2.99,0.9436619718309858,26804
2012,Barranquilla,40.85,213,0.5955748440345642,0.9261652053530227,0.5365853658536586,704,55.9,1.75,64.1,23,3.39,1.0,30529
2012,Bogotá,40.85,213,0.5955748440345642,0.9261652053530227,0.5365853658536586,704,55.9,17.2,72.8,23,3.39,1.0,30529
2012,Bucaramanga,40.85,213,0.5955748440345642,0.9261652053530227,0.5365853658536586,704,55.9,1.56,49.4,23,3.39,1.0,30529
2012,Cali,40.85,213,0.5955748440345642,0.9261652053530227,0.5365853658536586,704,55.9,4.16,64.6,23,3.39,1.0,30529
2012,Medellín,40.85,213,0.5955748440345642,0.9261652053530227,0.5365853658536586,704,55.9,3.83,53.5,23,3.39,1.0,30529
2012,Nacional,40.85,213,0.5955748440345642,0.9261652053530227,0.5365853658536586,704,55.9,3.825,69.9,23,3.39,1.0,30529
2013,Barranquilla,43.28,244,0.6391289185104816,0.8994000922934928,0.5691056910569106,790,59.2,1.86,68.1,17,2.17,0.5352112676056338,19598
2013,Bogotá,43.28,244,0.6391289185104816,0.8994000922934928,0.5691056910569106,790,59.2,17.86,75.6,17,2.17,0.5352112676056338,19598
2013,Bucaramanga,43.28,244,0.6391289185104816,0.8994000922934928,0.5691056910569106,790,59.2,2.01,63.6,17,2.17,0.5352112676056338,19598
2013,Cali,43.28,244,0.6391289185104816,0.8994000922934928,0.5691056910569106,790,59.2,4.32,67.1,17,2.17,0.5352112676056338,19598
2013,Medellín,43.28,244,0.6391289185104816,0.8994000922934928,0.5691056910569106,790,59.2,3.91,54.6,17,2.17,0.5352112676056338,19598
2013,Nacional,43.28,244,0.6391289185104816,0.8994000922934928,0.5691056910569106,790,59.2,3.825,69.9,17,2.17,0.5352112676056338,19598
2014,Barranquilla,46.53,274,0.6841554616964389,0.8006460544531606,0.6178861788617886,870,63.6,2.13,78.0,28,2.21,0.49295774647887314,19054
2014,Bogotá,46.53,274,0.6841554616964389,0.8006460544531606,0.6178861788617886,870,63.6,18.1,76.6,28,2.21,0.49295774647887314,19054
2014,Bucaramanga,46.53,274,0.6841554616964389,0.8006460544531606,0.6178861788617886,870,63.6,2.18,69.0,28,2.21,0.49295774647887314,19054
2014,Cali,46.53,274,0.6841554616964389,0.8006460544531606,0.6178861788617886,870,63.6,4.5,69.9,28,2.21,0.49295774647887314,19054
2014,Medellín,46.53,274,0.6841554616964389,0.8006460544531606,0.6178861788617886,870,63.6,4.06,56.7,28,2.21,0.49295774647887314,19054
2014,Nacional,46.53,274,0.6841554616964389,0.8006460544531606,0.6178861788617886,870,63.6,3.825,69.9,28,2.21,0.49295774647887314,19054
2015,Barranquilla,58.8,338,0.8649591196187081,0.5685279187817258,0.7886178861788617,935,80.4,2.55,93.4,36,3.45,0.6619718309859154,28215
2015,Bogotá,58.8,338,0.8649591196187081,0.5685279187817258,0.7886178861788617,935,80.4,20.63,87.3,36,3.45,0.6619718309859154,28215
2015,Bucaramanga,58.8,338,0.8649591196187081,0.5685279187817258,0.7886178861788617,935,80.4,2.77,87.7,36,3.45,0.6619718309859154,28215
2015,Cali,58.8,338,0.8649591196187081,0.5685279187817258,0.7886178861788617,935,80.4,5.49,85.2,36,3.45,0.6619718309859154,28215
2015,Medellín,58.8,338,0.8649591196187081,0.5685279187817258,0.7886178861788617,935,80.4,5.2,72.6,36,3.45,0.6619718309859154,28215
2015,Nacional,58.8,338,0.8649591196187081,0.5685279187817258,0.7886178861788617,935,80.4,3.825,69.9,36,3.45,0.6619718309859154,28215
2016,Barranquilla,61.44,312,0.8871042740341766,0.46654360867558786,0.8617886178861788,1003,84.0,2.73,100.0,41,4.79,0.9295774647887323,38096
2016,Bogotá,61.44,312,0.8871042740341766,0.46654360867558786,0.8617886178861788,1003,84.0,20.73,87.8,41,4.79,0.9295774647887323,38096
2016,Bucaramanga,61.44,312,0.8871042740341766,0.46654360867558786,0.8617886178861788,1003,84.0,2.86,90.5,41,4.79,0.9295774647887323,38096
2016,Cali,61.44,312,0.8871042740341766,0.46654360867558786,0.8617886178861788,1003,84.0,5.76,89.4,41,4.79,0.9295774647887323,38096
2016,Medellín,61.44,312,0.8871042740341766,0.46654360867558786,0.8617886178861788,1003,84.0,5.35,74.7,41,4.79,0.9295774647887323,38096
2016,Nacional,61.44,312,0.8871042740341766,0.46654360867558786,0.8617886178861788,1003,84.0,3.825,69.9,41,4.79,0.9295774647887323,38096
2017,Barranquilla,62.61,314,0.8716239779904675,0.32718043377941797,0.8699186991869919,1081,85.6,2.24,82.1,44,3.73,0.6760563380281689,28292
2017,Bogotá,62.61,314,0.8716239779904675,0.32718043377941797,0.8699186991869919,1081,85.6,20.77,87.9,44,3.73,0.6760563380281689,28292
2017,Bucaramanga,62.61,314,0.8716239779904675,0.32718043377941797,0.8699186991869919,1081,85.6,2.82,89.2,44,3.73,0.6760563380281689,28292
2017,Cali,62.61,314,0.8716239779904675,0.32718043377941797,0.8699186991869919,1081,85.6,5.7,88.5,44,3.73,0.6760563380281689,28292
2017,Medellín,62.61,314,0.8716239779904675,0.32718043377941797,0.8699186991869919,1081,85.6,5.61,78.4,44,3.73,0.6760563380281689,28292
2017,Nacional,62.61,314,0.8716239779904675,0.32718043377941797,0.8699186991869919,1081,85.6,3.825,69.9,44,3.73,0.6760563380281689,28292
2018,Barranquilla,64.09,360,0.8544580927655288,0.16751269035532967,0.8780487804878049,1172,87.7,2.19,80.2,41,2.18,0.3098591549295774,17459
2018,Bogotá,64.09,360,0.8544580927655288,0.16751269035532967,0.8780487804878049,1172,87.7,21.04,89.1,41,2.18,0.3098591549295774,17459
2018,Bucaramanga,64.09,360,0.8544580927655288,0.16751269035532967,0.8780487804878049,1172,87.7,2.87,90.8,41,2.18,0.3098591549295774,17459
2018,Cali,64.09,360,0.8544580927655288,0.16751269035532967,0.8780487804878049,1172,87.7,5.87,91.1,41,2.18,0.3098591549295774,17459
2018,Medellín,64.09,360,0.8544580927655288,0.16751269035532967,0.8780487804878049,1172,87.7,5.87,82.0,41,2.18,0.3098591549295774,17459
2018,Nacional,64.09,360,0.8544580927655288,0.16751269035532967,0.8780487804878049,1172,87.7,3.825,69.9,41,2.18,0.3098591549295774,17459
2019,Barranquilla,73.11,352,1.0,0.1499769266266724,0.9999999999999999,1227,100.0,2.47,90.5,48,2.52,0.3098591549295774,20123
2019,Bogotá,73.11,352,1.0,0.1499769266266724,0.9999999999999999,1227,100.0,23.62,100.0,48,2.52,0.3098591549295774,20123
2019,Bucaramanga,73.11,352,1.0,0.1499769266266724,0.9999999999999999,1227,100.0,3.16,100.0,48,2.52,0.3098591549295774,20123
2019,Cali,73.11,352,1.0,0.1499769266266724,0.9999999999999999,1227,100.0,6.44,100.0,48,2.52,0.3098591549295774,20123
2019,Medellín,73.11,352,1.0,0.1499769266266724,0.9999999999999999,1227,100.0,7.16,100.0,48,2.52,0.3098591549295774,20123
2019,Nacional,73.11,352,1.0,0.1499769266266724,0.9999999999999999,1227,100.0,3.825,69.9,48,2.52,0.3098591549295774,20123
2020,Barranquilla,12.61,127,0.0,0.30087678818643226,0.0,1210,17.2,0.4,14.7,27,0.85,0.788732394366197,7055
2020,Bogotá,12.61,127,0.0,0.30087678818643226,0.0,1210,17.2,4.09,17.3,27,0.85,0.788732394366197,7055
2020,Bucaramanga,12.61,127,0.0,0.30087678818643226,0.0,1210,17.2,0.54,17.1,27,0.85,0.788732394366197,7055
2020,Cali,12.61,127,0.0,0.30087678818643226,0.0,1210,17.2,1.17,18.2,27,0.85,0.788732394366197,7055
2020,Medellín,12.61,127,0.0,0.30087678818643226,0.0,1210,17.2,1.28,17.9,27,0.85,0.788732394366197,7055
2020,Nacional,12.61,127,0.0,0.30087678818643226,0.0,1210,17.2,3.825,69.9,27,0.85,0.788732394366197,7055
2021,Barranquilla,27.81,213,0.2825008718564731,0.4697738809413936,0.23577235772357724,1224,38.0,0.93,34.1,30,0.48,0.0704225352112676,4146
2021,Bogotá,27.81,213,0.2825008718564731,0.4697738809413936,0.23577235772357724,1224,38.0,8.22,34.8,30,0.48,0.0704225352112676,4146
2021,Bucaramanga,27.81,213,0.2825008718564731,0.4697738809413936,0.23577235772357724,1224,38.0,1.02,32.3,30,0.48,0.0704225352112676,4146
2021,Cali,27.81,213,0.2825008718564731,0.4697738809413936,0.23577235772357724,1224,38.0,2.19,34.0,30,0.48,0.0704225352112676,4146
2021,Medellín,27.81,213,0.2825008718564731,0.4697738809413936,0.23577235772357724,1224,38.0,3.08,43.0,30,0.48,0.0704225352112676,4146
2021,Nacional,27.81,213,0.2825008718564731,0.4697738809413936,0.23577235772357724,1224,38.0,3.825,69.9,30,0.48,0.0704225352112676,4146
2022,Barranquilla,42.19,279,0.5148603092184291,0.3193354868481766,0.46341463414634143,1239,57.7,1.54,56.4,57,1.33,0.2816901408450704,10732
2022,Bogotá,42.19,279,0.5148603092184291,0.3193354868481766,0.46341463414634143,1239,57.7,13.2,55.9,57,1.33,0.2816901408450704,10732
2022,Bucaramanga,42.19,279,0.5148603092184291,0.3193354868481766,0.46341463414634143,1239,57.7,1.83,57.9,57,1.33,0.2816901408450704,10732
2022,Cali,42.19,279,0.5148603092184291,0.3193354868481766,0.46341463414634143,1239,57.7,3.56,55.3,57,1.33,0.2816901408450704,10732
2022,Medellín,42.19,279,0.5148603092184291,0.3193354868481766,0.46341463414634143,1239,57.7,4.46,62.3,57,1.33,0.2816901408450704,10732
2022,Nacional,42.19,279,0.5148603092184291,0.3193354868481766,0.46341463414634143,1239,57.7,3.825,69.9,57,1.33,0.2816901408450704,10732
2023,Barranquilla,53.87,328,0.7012050993916379,0.24873096446700504,0.6341463414634146,1260,73.7,2.09,76.6,72,0.64,0.0,5093
2023,Bogotá,53.87,328,0.7012050993916379,0.24873096446700504,0.6341463414634146,1260,73.7,16.59,70.2,72,0.64,0.0,5093
2023,Bucaramanga,53.87,328,0.7012050993916379,0.24873096446700504,0.6341463414634146,1260,73.7,2.37,75.0,72,0.64,0.0,5093
2023,Cali,53.87,328,0.7012050993916379,0.24873096446700504,0.6341463414634146,1260,73.7,4.5,69.9,72,0.64,0.0,5093
2023,Medellín,53.87,328,0.7012050993916379,0.24873096446700504,0.6341463414634146,1260,73.7,5.62,78.5,72,0.64,0.0,5093
2023,Nacional,53.87,328,0.7012050993916379,0.24873096446700504,0.6341463414634146,1260,73.7,3.825,69.9,72,0.64,0.0,5093
2024,Barranquilla,49.63,396,0.5775177277482852,0.0,0.5609756097560975,1275,67.9,1.98,72.5,79,1.18,0.16901408450704222,8391
2024,Bogotá,49.63,396,0.5775177277482852,0.0,0.5609756097560975,1275,67.9,15.47,65.5,79,1.18,0.16901408450704222,8391
2024,Bucaramanga,49.63,396,0.5775177277482852,0.0,0.5609756097560975,1275,67.9,2.21,69.9,79,1.18,0.16901408450704222,8391
2024,Cali,49.63,396,0.5775177277482852,0.0,0.5609756097560975,1275,67.9,4.07,63.2,79,1.18,0.16901408450704222,8391
2024,Medellín,49.63,396,0.5775177277482852,0.0,0.5609756097560975,1275,67.9,5.19,72.5,79,1.18,0.16901408450704222,8391
2024,Nacional,49.63,396,0.5775177277482852,0.0,0.5609756097560975,1275,67.9,3.825,69.9,79,1.18,0.16901408450704222,8391
2025,Barranquilla,49.55,408,0.5850931917696749,0.04245500692201176,0.5528455284552846,1262,67.8,2.05,75.1,77,0.75,0.04225352112676056,5741
2025,Bogotá,49.55,408,0.5850931917696749,0.04245500692201176,0.5528455284552846,1262,67.8,15.41,65.2,77,0.75,0.04225352112676056,5741
2025,Bucaramanga,49.55,408,0.5850931917696749,0.04245500692201176,0.5528455284552846,1262,67.8,2.24,70.9,77,0.75,0.04225352112676056,5741
2025,Cali,49.55,408,0.5850931917696749,0.04245500692201176,0.5528455284552846,1262,67.8,4.07,63.2,77,0.75,0.04225352112676056,5741
2025,Medellín,49.55,408,0.5850931917696749,0.04245500692201176,0.5528455284552846,1262,67.8,5.39,75.3,77,0.75,0.04225352112676056,5741
2025,Nacional,49.55,408,0.5850931917696749,0.04245500692201176,0.5528455284552846,1262,67.8,3.825,69.9,77,0.75,0.04225352112676056,5741
