año,ciudad,espectadores_nacional_M,estrenos_total,taquilla_M_COP,precio_boleta_real,indice_asistencia,pantallas,recuperacion_nacional_pct,espectadores_ciudad_M,recuperacion_ciudad_pct,estrenos_col,espectadores_col_M,participacion_col_pct,taquilla_col_M_COP
2010,Barranquilla,33.66,206,351.38,10441,0.76,588,46.0,1.47,53.8,10,1.53,4.5,13647
2010,Bogotá,33.66,206,351.38,10441,0.76,588,46.0,14.91,63.1,10,1.53,4.5,13647
2010,Bucaramanga,33.66,206,351.38,10441,0.76,588,46.0,0.91,28.8,10,1.53,4.5,13647
2010,Cali,33.66,206,351.38,10441,0.76,588,46.0,3.34,51.9,10,1.53,4.5,13647
2010,Medellín,33.66,206,351.38,10441,0.76,588,46.0,3.59,50.1,10,1.53,4.5,13647
2010,Nacional,33.66,206,351.38,10441,0.76,588,46.0,,,10,1.53,4.5,13647
2011,Barranquilla,38.01,206,385.93,10153,0.85,643,52.0,1.65,60.4,18,2.99,7.9,26804
2011,Bogotá,38.01,206,385.93,10153,0.85,643,52.0,16.16,68.4,18,2.99,7.9,26804
2011,Bucaramanga,38.01,206,385.93,10153,0.85,643,52.0,1.46,46.2,18,2.99,7.9,26804
2011,Cali,38.01,206,385.93,10153,0.85,643,52.0,3.83,59.5,18,2.99,7.9,26804
2011,Medellín,38.01,206,385.93,10153,0.85,643,52.0,3.82,53.4,18,2.99,7.9,26804
2011,Nacional,38.01,206,385.93,10153,0.85,643,52.0,,,18,2.99,7.9,26804
2012,Barranquilla,40.85,213,419.95,10281,0.91,704,55.9,1.75,64.1,23,3.39,8.3,30529
2012,Bogotá,40.85,213,419.95,10281,0.91,704,55.9,17.2,72.8,23,3.39,8.3,30529
2012,Bucaramanga,40.85,213,419.95,10281,0.91,704,55.9,1.56,49.4,23,3.39,8.3,30529
2012,Cali,40.85,213,419.95,10281,0.91,704,55.9,4.16,64.6,23,3.39,8.3,30529
2012,Medellín,40.85,213,419.95,10281,0.91,704,55.9,3.83,53.5,23,3.39,8.3,30529
2012,Nacional,40.85,213,419.95,10281,0.91,704,55.9,,,23,3.39,8.3,30529
2013,Barranquilla,43.28,244,442.43,10223,0.95,790,59.2,1.86,68.1,17,2.17,5.0,19598
2013,Bogotá,43.28,244,442.43,10223,0.95,790,59.2,17.86,75.6,17,2.17,5.0,19598
2013,Bucaramanga,43.28,244,442.43,10223,0.95,790,59.2,2.01,63.6,17,2.17,5.0,19598
2013,Cali,43.28,244,442.43,10223,0.95,790,59.2,4.32,67.1,17,2.17,5.0,19598
2013,Medellín,43.28,244,442.43,10223,0.95,790,59.2,3.91,54.6,17,2.17,5.0,19598
2013,Nacional,43.28,244,442.43,10223,0.95,790,59.2,,,17,2.17,5.0,19598
2014,Barranquilla,46.53,274,465.67,10009,1.01,870,63.6,2.13,78.0,28,2.21,4.7,19054
2014,Bogotá,46.53,274,465.67,10009,1.01,870,63.6,18.1,76.6,28,2.21,4.7,19054
2014,Bucaramanga,46.53,274,465.67,10009,1.01,870,63.6,2.18,69.0,28,2.21,4.7,19054
2014,Cali,46.53,274,465.67,10009,1.01,870,63.6,4.5,69.9,28,2.21,4.7,19054
2014,Medellín,46.53,274,465.67,10009,1.01,870,63.6,4.06,56.7,28,2.21,4.7,19054
2014,Nacional,46.53,274,465.67,10009,1.01,870,63.6,,,28,2.21,4.7,19054
2015,Barranquilla,58.8,338,558.99,9506,1.22,935,80.4,2.55,93.4,36,3.45,5.9,28215
2015,Bogotá,58.8,338,558.99,9506,1.22,935,80.4,20.63,87.3,36,3.45,5.9,28215
2015,Bucaramanga,58.8,338,558.99,9506,1.22,935,80.4,2.77,87.7,36,3.45,5.9,28215
2015,Cali,58.8,338,558.99,9506,1.22,935,80.4,5.49,85.2,36,3.45,5.9,28215
2015,Medellín,58.8,338,558.99,9506,1.22,935,80.4,5.2,72.6,36,3.45,5.9,28215
2015,Nacional,58.8,338,558.99,9506,1.22,935,80.4,,,36,3.45,5.9,28215
2016,Barranquilla,61.44,312,570.42,9285,1.31,1003,84.0,2.73,100.0,41,4.79,7.8,38096
2016,Bogotá,61.44,312,570.42,9285,1.31,1003,84.0,20.73,87.8,41,4.79,7.8,38096
2016,Bucaramanga,61.44,312,570.42,9285,1.31,1003,84.0,2.86,90.5,41,4.79,7.8,38096
2016,Cali,61.44,312,570.42,9285,1.31,1003,84.0,5.76,89.4,41,4.79,7.8,38096
2016,Medellín,61.44,312,570.42,9285,1.31,1003,84.0,5.35,74.7,41,4.79,7.8,38096
2016,Nacional,61.44,312,570.42,9285,1.31,1003,84.0,,,41,4.79,7.8,38096
2017,Barranquilla,62.61,314,562.43,8983,1.32,1081,85.6,2.24,82.1,44,3.73,6.0,28292
2017,Bogotá,62.61,314,562.43,8983,1.32,1081,85.6,20.77,87.9,44,3.73,6.0,28292
2017,Bucaramanga,62.61,314,562.43,8983,1.32,1081,85.6,2.82,89.2,44,3.73,6.0,28292
2017,Cali,62.61,314,562.43,8983,1.32,1081,85.6,5.7,88.5,44,3.73,6.0,28292
2017,Medellín,62.61,314,562.43,8983,1.32,1081,85.6,5.61,78.4,44,3.73,6.0,28292
2017,Nacional,62.61,314,562.43,8983,1.32,1081,85.6,,,44,3.73,6.0,28292
2018,Barranquilla,64.09,360,553.57,8637,1.33,1172,87.7,2.19,80.2,41,2.18,3.4,17459
2018,Bogotá,64.09,360,553.57,8637,1.33,1172,87.7,21.04,89.1,41,2.18,3.4,17459
2018,Bucaramanga,64.09,360,553.57,8637,1.33,1172,87.7,2.87,90.8,41,2.18,3.4,17459
2018,Cali,64.09,360,553.57,8637,1.33,1172,87.7,5.87,91.1,41,2.18,3.4,17459
2018,Medellín,64.09,360,553.57,8637,1.33,1172,87.7,5.87,82.0,41,2.18,3.4,17459
2018,Nacional,64.09,360,553.57,8637,1.33,1172,87.7,,,41,2.18,3.4,17459
2019,Barranquilla,73.11,352,628.69,8599,1.48,1227,100.0,2.47,90.5,48,2.52,3.4,20123
2019,Bogotá,73.11,352,628.69,8599,1.48,1227,100.0,23.62,100.0,48,2.52,3.4,20123
2019,Bucaramanga,73.11,352,628.69,8599,1.48,1227,100.0,3.16,100.0,48,2.52,3.4,20123
2019,Cali,73.11,352,628.69,8599,1.48,1227,100.0,6.44,100.0,48,2.52,3.4,20123
2019,Medellín,73.11,352,628.69,8599,1.48,1227,100.0,7.16,100.0,48,2.52,3.4,20123
2019,Nacional,73.11,352,628.69,8599,1.48,1227,100.0,,,48,2.52,3.4,20123
2020,Barranquilla,12.61,127,112.55,8926,0.25,1210,17.2,0.4,14.7,27,0.85,6.8,7055
2020,Bogotá,12.61,127,112.55,8926,0.25,1210,17.2,4.09,17.3,27,0.85,6.8,7055
2020,Bucaramanga,12.61,127,112.55,8926,0.25,1210,17.2,0.54,17.1,27,0.85,6.8,7055
2020,Cali,12.61,127,112.55,8926,0.25,1210,17.2,1.17,18.2,27,0.85,6.8,7055
2020,Medellín,12.61,127,112.55,8926,0.25,1210,17.2,1.28,17.9,27,0.85,6.8,7055
2020,Nacional,12.61,127,112.55,8926,0.25,1210,17.2,,,27,0.85,6.8,7055
2021,Barranquilla,27.81,213,258.36,9292,0.54,1224,38.0,0.93,34.1,30,0.48,1.7,4146
2021,Bogotá,27.81,213,258.36,9292,0.54,1224,38.0,8.22,34.8,30,0.48,1.7,4146
2021,Bucaramanga,27.81,213,258.36,9292,0.54,1224,38.0,1.02,32.3,30,0.48,1.7,4146
2021,Cali,27.81,213,258.36,9292,0.54,1224,38.0,2.19,34.0,30,0.48,1.7,4146
2021,Medellín,27.81,213,258.36,9292,0.54,1224,38.0,3.08,43.0,30,0.48,1.7,4146
2021,Nacional,27.81,213,258.36,9292,0.54,1224,38.0,,,30,0.48,1.7,4146
2022,Barranquilla,42.19,279,378.29,8966,0.82,1239,57.7,1.54,56.4,57,1.33,3.2,10732
2022,Bogotá,42.19,279,378.29,8966,0.82,1239,57.7,13.2,55.9,57,1.33,3.2,10732
2022,Bucaramanga,42.19,279,378.29,8966,0.82,1239,57.7,1.83,57.9,57,1.33,3.2,10732
2022,Cali,42.19,279,378.29,8966,0.82,1239,57.7,3.56,55.3,57,1.33,3.2,10732
2022,Medellín,42.19,279,378.29,8966,0.82,1239,57.7,4.46,62.3,57,1.33,3.2,10732
2022,Nacional,42.19,279,378.29,8966,0.82,1239,57.7,,,57,1.33,3.2,10732
2023,Barranquilla,53.87,328,474.47,8813,1.03,1260,73.7,2.09,76.6,72,0.64,1.2,5093
2023,Bogotá,53.87,328,474.47,8813,1.03,1260,73.7,16.59,70.2,72,0.64,1.2,5093
2023,Bucaramanga,53.87,328,474.47,8813,1.03,1260,73.7,2.37,75.0,72,0.64,1.2,5093
2023,Cali,53.87,328,474.47,8813,1.03,1260,73.7,4.5,69.9,72,0.64,1.2,5093
2023,Medellín,53.87,328,474.47,8813,1.03,1260,73.7,5.62,78.5,72,0.64,1.2,5093
2023,Nacional,53.87,328,474.47,8813,1.03,1260,73.7,,,72,0.64,1.2,5093
2024,Barranquilla,49.63,396,410.63,8274,0.94,1275,67.9,1.98,72.5,79,1.18,2.4,8391
2024,Bogotá,49.63,396,410.63,8274,0.94,1275,67.9,15.47,65.5,79,1.18,2.4,8391
2024,Bucaramanga,49.63,396,410.63,8274,0.94,1275,67.9,2.21,69.9,79,1.18,2.4,8391
2024,Cali,49.63,396,410.63,8274,0.94,1275,67.9,4.07,63.2,79,1.18,2.4,8391
2024,Medellín,49.63,396,410.63,8274,0.94,1275,67.9,5.19,72.5,79,1.18,2.4,8391
2024,Nacional,49.63,396,410.63,8274,0.94,1275,67.9,,,79,1.18,2.4,8391
2025,Barranquilla,49.55,408,414.54,8366,0.93,1262,67.8,2.05,75.1,77,0.75,1.5,5741
2025,Bogotá,49.55,408,414.54,8366,0.93,1262,67.8,15.41,65.2,77,0.75,1.5,5741
2025,Bucaramanga,49.55,408,414.54,8366,0.93,1262,67.8,2.24,70.9,77,0.75,1.5,5741
2025,Cali,49.55,408,414.54,8366,0.93,1262,67.8,4.07,63.2,77,0.75,1.5,5741
2025,Medellín,49.55,408,414.54,8366,0.93,1262,67.8,5.39,75.3,77,0.75,1.5,5741
2025,Nacional,49.55,408,414.54,8366,0.93,1262,67.8,,,77,0.75,1.5,5741
